{
 "cputuner": {
  "triggers": [
   {
    "_id": "1",
    "triggerName": "Battery full",
    "batteryLevel": "100",
    "screenOffProfileId": "4",
    "batteryProfileId": "2",
    "powerProfileId": "1",
    "powerCurrentSumPower": "0",
    "powerCurrentCntPower": "0",
    "powerCurrentSumBattery": "0",
    "powerCurrentCntBattery": "0",
    "powerCurrentSumLocked": "0",
    "powerCurrentCntLocked": "0",
    "hotProfileId": "-1",
    "powerCurrentSumHot": "0",
    "powerCurrentCntHot": "0",
    "callInProgressProfileId": "1",
    "powerCurrentSumCall": "0",
    "powerCurrentCntCall": "0",
    "screenLockedProfileId": "2"
   },
   {
    "_id": "2",
    "triggerName": "good",
    "batteryLevel": "28",
    "screenOffProfileId": "2",
    "batteryProfileId": "2",
    "powerProfileId": "2",
    "powerCurrentSumPower": "0",
    "powerCurrentCntPower": "0",
    "powerCurrentSumBattery": "0",
    "powerCurrentCntBattery": "0",
    "powerCurrentSumLocked": "0",
    "powerCurrentCntLocked": "0",
    "hotProfileId": "-1",
    "powerCurrentSumHot": "0",
    "powerCurrentCntHot": "0",
    "callInProgressProfileId": "2",
    "powerCurrentSumCall": "0",
    "powerCurrentCntCall": "0",
    "screenLockedProfileId": "2"
   }
  ],
  "cpuProfiles": [
   {
    "_id": "1",
    "profileName": "Performance",
    "governor": "interactive",
    "frequencyMax": "1612800",
    "frequencyMin": "633600",
    "wifiState": "0",
    "gpsState": "0",
    "bluetoothState": "0",
    "mobiledataState": "0",
    "governorThresholdUp": "-1",
    "governorThresholdDown": "-1",
    "backgroundSyncState": "0",
    "virtualGovernor": "1",
    "mobiledataConnectionState": "0",
    "script": "",
    "powersaveBias": "0",
    "AIRPLANEMODE": "0",
    "useNumberOfCpus": "0"
   },
   {
    "_id": "2",
    "profileName": "Good",
    "governor": "interactive",
    "frequencyMax": "1612800",
    "frequencyMin": "633600",
    "wifiState": "0",
    "gpsState": "0",
    "bluetoothState": "0",
    "mobiledataState": "0",
    "governorThresholdUp": "-1",
    "governorThresholdDown": "-1",
    "backgroundSyncState": "0",
    "virtualGovernor": "1",
    "mobiledataConnectionState": "0",
    "script": "",
    "powersaveBias": "0",
    "AIRPLANEMODE": "0",
    "useNumberOfCpus": "0"
   },
   {
    "_id": "4",
    "profileName": "Screen off",
    "governor": "interactive",
    "frequencyMax": "1612800",
    "frequencyMin": "633600",
    "wifiState": "0",
    "gpsState": "0",
    "bluetoothState": "0",
    "mobiledataState": "0",
    "governorThresholdUp": "-1",
    "governorThresholdDown": "-1",
    "backgroundSyncState": "0",
    "virtualGovernor": "1",
    "mobiledataConnectionState": "0",
    "script": "",
    "powersaveBias": "0",
    "AIRPLANEMODE": "0",
    "useNumberOfCpus": "0"
   }
  ],
  "virtualGovernor": [
   {
    "_id": "1",
    "virtualGovernor": "Full speed",
    "governor": "interactive",
    "governorThresholdUp": "-1",
    "governorThresholdDown": "-1",
    "script": "",
    "powersaveBias": "0",
    "useNumberOfCpus": "0"
   },
   {
    "_id": "2",
    "virtualGovernor": "Normal",
    "governor": "interactive",
    "governorThresholdUp": "-1",
    "governorThresholdDown": "-1",
    "script": "",
    "powersaveBias": "0",
    "useNumberOfCpus": "0"
   },
   {
    "_id": "3",
    "virtualGovernor": "Extreme Save Battery",
    "governor": "conservative",
    "governorThresholdUp": "98",
    "governorThresholdDown": "90",
    "script": "",
    "powersaveBias": "1000",
    "useNumberOfCpus": "0"
   },
   {
    "_id": "4",
    "virtualGovernor": "Save Battery",
    "governor": "conservative",
    "governorThresholdUp": "95",
    "governorThresholdDown": "80",
    "script": "",
    "powersaveBias": "300",
    "useNumberOfCpus": "0"
   }
  ],
  "configurationAutoload": []
 }
}